date/time,time,date,person,khoa
thứ 2,9h kém,hôm qua,Trần hoàng vũ,thần kinh
chủ nhật,đầu giờ chiều,chiều hôm qua,Nam,da liễu
sáng mai,tối 8h,tháng tới,huy,nhi
ngày mốt,sáng sớm 7h,ngày hai mươi mốt tháng ba,Ta đức huy,nội ngoại
9h,9:20,đầu tháng tới,Mixi,phụ sản
9 giờ,9:20:22,tháng 8,Kay trần,mắt
tám giờ tối,10 thiếu 10p,ngày 22,hoàng Nam,tim mạch
chiều nay,1 giờ 20 phút,ngày 21 tháng 3,minh phúc,tiêu hóa
đầu tuần sau,nữa tiếng nữa,21/3,phúc minh,
đầu tháng sau,3h chiều,tháng 3 ngày 21,minh,
9h10p,hơn 3 tiếng nữa,thg 3 ngay 21,Anh Vũ,
21-3,20 phút 3 giờ chiều,thứ 6,Hoàng vũ,
8/3,10 phút nữa,thứ sáu,hoang vu,
năm 2022,13h chiều,chủ nhật,vu hoang,
2 tiếng nữa,13h,cn,nguyễn dương phúc tài,
,7 giờ kém 15,tháng này,phan văn tài em,
,8h kém 5,tháng sau,david beckham,
,4h chiều,ngày kia,tạ deep huy,
,8h40 sáng,29-02-1993,Thích Cơm Tấm,
,,29-02-2016,,
